Date,Trial,Tank,Density,AggregationIndexFraction,AggregationIndex,ObservationPeriod,Snail1,Snail2,FacetoFaceYN,StartTime,EndTime,Duration,Observer,Notes
6/29/2016,1,2,4,0/6,0,l,Y,P,y,0:23:35,0:25:18,103,TL,
6/30/2016,1,3,6,0/6,0,e,G,R,y,0:41:01,0:45:00,239,SH,
6/30/2016,1,3,6,0/6,0,e,P,RY,n,0:18:11,0:18:20,9,SH,
6/30/2016,1,3,6,0/6,0,e,RY,P,y,0:11:00,0:12:00,60,SH,floating / check snails
6/30/2016,1,4,8,0/6,0,e,G,P,y,0:31:50,0:38:00,370,SH,
6/30/2016,1,4,8,0/6,0,l,R,RY,y,0:05:35,0:06:30,55,SH,
6/29/2016,1,5,10,0/6,0,e,G,R,n,0:44:00,0:44:43,43,TL,
6/29/2016,1,5,10,0/6,0,e,Y,P,y,0:24:50,0:28:53,243,TL,
6/29/2016,1,5,10,0/6,0,e,Y,P,n,0:36:30,0:37:01,31,TL,
6/29/2016,1,5,10,0/6,0,e,Y,P,n,0:38:18,0:39:00,42,TL,
6/29/2016,1,5,10,0/6,0,e,Y,P,n,0:39:44,0:41:43,119,TL,
6/29/2016,1,5,10,0/6,0,l,YG,RB,y,0:09:41,0:10:10,29,TL,
6/28/2016,1,7,14,0/6,0,e,R,RP,y,0:03:20,0:05:11,111,SH,
6/28/2016,1,7,14,0/6,0,e,RP,YG,n,0:00:57,0:01:10,13,SH,
6/28/2016,1,7,14,0/6,0,e,RP,YG,n,0:01:28,0:05:11,223,SH,
6/28/2016,1,7,14,0/6,0,e,YG,R,y,0:03:20,0:07:13,233,SH,
6/28/2016,1,8,16,0/6,0,e,C,YB,n,0:22:09,0:22:29,20,TL,
6/28/2016,1,8,16,0/6,0,e,C,YB,n,0:22:37,0:22:51,14,TL,
6/28/2016,1,8,16,0/6,0,e,G,Y,n,0:35:14,0:35:34,20,TL,
6/28/2016,1,8,16,0/6,0,e,PB,GP,y,0:15:02,0:16:03,61,TL,
6/28/2016,1,8,16,0/6,0,e,Y,G,y,0:29:36,0:30:29,53,TL,
6/28/2016,1,8,16,0/6,0,e,Y,G,n,0:30:30,0:32:45,135,TL,
6/30/2016,1,12,8,6-Jan,1,l,B,RY,y,0:25:18,0:25:50,32,SH,
6/30/2016,1,12,8,6-Jan,1,e,R,RP,n,0:35:57,0:37:22,85,SH,floating
6/30/2016,1,12,8,6-Jan,1,l,RY,RP,y,0:29:55,0:30:00,5,SH,
6/30/2016,1,13,9,6-Jan,1,l,B,RY,n,0:28:37,0:30:00,83,TL,
6/30/2016,1,13,9,6-Jan,1,l,RY,B,n,0:20:10,0:21:58,108,TL,
6/29/2016,1,14,12,6-Jan,1,l,G,YG,n,0:09:41,0:10:20,39,SH,
6/29/2016,1,14,12,6-Jan,1,l,P,RY,y,0:10:15,0:15:25,310,SH,
6/29/2016,1,14,12,6-Jan,1,l,RG,Y,n,0:05:40,0:07:40,120,SH,
6/29/2016,1,14,12,6-Jan,1,l,RP,GP,n,0:12:15,0:12:30,15,SH,
6/29/2016,1,14,12,6-Jan,1,e,RY,P,n,0:44:50,0:45:00,10,SH,
6/29/2016,1,14,12,6-Jan,1,e,YG,P,y,0:38:41,0:39:00,19,SH,
6/29/2016,1,15,14,6-Jan,1,l,B,GP,y,0:01:36,0:02:01,25,PM,
6/29/2016,1,15,14,6-Jan,1,l,B,P,n,0:18:53,0:19:30,37,PM,
6/29/2016,1,15,14,6-Jan,1,l,RB,RP,y,0:03:01,0:03:55,54,PM,
6/29/2016,1,15,14,6-Jan,1,l,RG,GB,n,0:25:46,0:29:01,195,PM,
6/29/2016,1,15,14,6-Jan,1,e,RY,P,n,0:27:12,0:27:23,11,PM,
6/29/2016,1,15,14,6-Jan,1,e,RY,P,n,0:27:45,0:28:02,17,PM,
6/29/2016,1,15,14,6-Jan,1,e,RY,P,n,0:28:32,0:28:56,24,PM,
6/29/2016,1,15,14,6-Jan,1,e,RY,P,n,0:29:10,0:29:34,24,PM,
6/29/2016,1,15,14,6-Jan,1,e,RY,P,n,0:29:52,0:30:02,10,PM,
6/29/2016,1,15,14,6-Jan,1,e,RY,P,n,0:30:27,0:30:52,25,PM,
6/29/2016,1,15,14,6-Jan,1,e,RY,P,n,0:31:44,0:32:00,16,PM,
6/29/2016,1,15,14,6-Jan,1,e,RY,P,y,0:40:52,0:40:56,4,PM,
6/29/2016,1,15,14,6-Jan,1,e,RY,P,y,0:41:34,0:45:00,206,PM,
6/29/2016,1,15,14,6-Jan,1,e,YG,RP,n,0:19:00,0:19:32,32,PM,
6/28/2016,1,16,16,6-Jan,1,e,C,G,y,0:17:17,0:21:29,252,SH,
6/28/2016,1,16,16,6-Jan,1,e,P,RY,n,0:09:46,0:11:40,114,SH,
6/28/2016,1,16,16,6-Jan,1,e,P,RY,n,0:12:45,0:13:32,47,SH,
6/28/2016,1,16,16,6-Jan,1,e,P,RY,n,0:15:52,0:17:48,116,SH,
6/28/2016,1,16,16,6-Jan,1,e,P,RY,y,0:33:30,0:34:26,56,SH,
6/28/2016,1,16,16,6-Jan,1,e,P,RY,y,0:34:46,0:35:00,14,SH,
6/28/2016,1,16,16,6-Jan,1,e,P,RY,n,0:35:43,0:37:50,127,SH,
6/28/2016,1,16,16,6-Jan,1,e,P,RY,n,0:38:05,0:41:17,192,SH,
6/28/2016,1,16,16,6-Jan,1,e,P,RY,n,0:41:43,0:43:30,107,SH,
6/28/2016,1,16,16,6-Jan,1,e,RG,YB,n,0:30:50,0:32:13,83,SH,
6/28/2016,1,16,16,6-Jan,1,e,RP,YB,y,0:16:44,0:19:23,159,SH,in crack
6/28/2016,1,16,16,6-Jan,1,e,YG,RP,n,0:24:30,0:25:00,30,SH,
6/28/2016,1,19,6,6-Feb,2,e,Y,P,y,0:17:37,0:17:55,18,PM,
6/28/2016,1,19,6,6-Feb,2,e,Y,P,n,0:18:08,0:18:34,26,PM,
6/29/2016,1,20,8,6-Feb,2,l,R,RY,y,0:20:24,0:22:26,122,TL,
6/29/2016,1,20,8,6-Feb,2,e,Y,RG,y,0:11:52,0:13:12,80,TL,
6/29/2016,1,20,8,6-Feb,2,e,Y,RG,y,0:19:30,0:25:25,355,TL,
6/30/2016,1,21,10,6-Feb,2,l,G,B,n,0:13:12,0:17:16,244,TL,
6/30/2016,1,21,10,6-Feb,2,e,RY,RP,y,0:07:13,0:10:42,209,TL,
6/30/2016,1,22,11,6-Feb,2,e,R,RP,y,0:01:27,0:01:52,25,PM,
6/30/2016,1,22,11,6-Feb,2,e,R,RP,n,0:02:13,0:02:49,36,PM,
6/30/2016,1,22,11,6-Feb,2,e,R,RP,y,0:02:58,0:03:14,16,PM,
6/30/2016,1,22,11,6-Feb,2,e,R,RP,y,0:03:25,0:06:56,211,PM,
6/30/2016,1,22,11,6-Feb,2,e,R,RP,y,0:09:38,0:09:52,14,PM,
6/30/2016,1,22,11,6-Feb,2,e,R,RP,y,0:10:01,0:10:15,14,PM,
6/30/2016,1,22,11,6-Feb,2,e,R,RP,y,0:10:23,0:10:43,20,PM,
6/30/2016,1,22,11,6-Feb,2,e,R,RP,y,0:10:54,0:12:48,114,PM,
6/30/2016,1,22,11,6-Feb,2,e,R,RP,y,0:12:54,0:14:32,98,PM,
6/30/2016,1,22,11,6-Feb,2,e,R,RP,y,0:24:25,0:24:40,15,PM,
6/30/2016,1,22,11,6-Feb,2,l,RB,RP,y,0:06:45,0:07:34,49,PM,check time
6/30/2016,1,22,11,6-Feb,2,e,RY,P,y,0:28:10,0:28:48,38,PM,
6/30/2016,1,22,11,6-Feb,2,e,RY,P,y,0:29:02,0:29:22,20,PM,
6/30/2016,1,22,11,6-Feb,2,e,RY,P,y,0:35:19,0:36:37,78,PM,
6/30/2016,1,22,11,6-Feb,2,e,Y,B,y,0:23:06,0:23:20,14,PM,
6/30/2016,1,22,11,6-Feb,2,e,Y,B,y,0:23:30,0:32:10,520,PM,
6/29/2016,1,23,14,6-Feb,2,e,GB,G,n,0:37:04,0:39:18,134,TL,
6/29/2016,1,23,14,6-Feb,2,l,P,YG,y,0:17:26,0:21:33,247,TL,
6/29/2016,1,23,14,6-Feb,2,e,PB,YP,n,0:37:15,0:38:15,60,TL,
6/29/2016,1,23,14,6-Feb,2,e,RG,R,y,0:17:56,0:45:00,1624,TL,
6/29/2016,1,23,14,6-Feb,2,l,RG,PB,y,0:23:35,0:27:29,234,TL,
6/29/2016,1,23,14,6-Feb,2,e,RP,YP,n,0:22:53,0:24:01,68,TL,
6/29/2016,1,23,14,6-Feb,2,e,RP,YP,y,0:28:32,0:29:51,79,TL,
6/29/2016,1,23,14,6-Feb,2,e,RY,PB,y,0:31:19,0:31:43,24,TL,
6/29/2016,1,23,14,6-Feb,2,e,RY,PB,y,0:31:54,0:33:15,81,TL,
6/29/2016,1,23,14,6-Feb,2,e,RY,PB,y,0:34:24,0:36:50,146,TL,
6/29/2016,1,23,14,6-Feb,2,e,RY,YP,y,0:34:24,0:36:29,125,TL,
6/29/2016,1,23,14,6-Feb,2,e,YB,PB,y,0:12:34,0:12:43,9,TL,
6/29/2016,1,23,14,6-Feb,2,e,YP,RP,n,0:14:46,0:16:23,97,TL,
6/29/2016,1,23,14,6-Feb,2,e,YP,RP,n,0:17:05,0:17:50,45,TL,
6/29/2016,1,23,14,6-Feb,2,e,YP,PB,y,0:34:24,0:36:29,125,TL,
6/29/2016,1,23,14,6-Feb,2,e,YP,PB,y,0:42:24,0:45:00,156,TL,
6/29/2016,1,24,16,6-Feb,2,l,G,YG,y,0:14:43,0:16:49,126,TL,
6/29/2016,1,24,16,6-Feb,2,l,G,YG,n,0:24:41,0:26:32,111,TL,
6/29/2016,1,24,16,6-Feb,2,l,G,YG,n,0:26:42,0:26:53,11,TL,
6/29/2016,1,24,16,6-Feb,2,e,GB,B,y,0:06:27,0:16:28,601,TL,
6/29/2016,1,24,16,6-Feb,2,l,GB,YB,n,0:21:40,0:23:18,98,TL,
6/29/2016,1,24,16,6-Feb,2,l,R,RB,n,0:11:40,0:13:33,113,TL,
6/29/2016,1,24,16,6-Feb,2,l,R,RG,n,0:18:34,0:19:03,29,TL,
6/29/2016,1,24,16,6-Feb,2,e,RB,YP,y,0:08:12,0:08:59,47,TL,
6/29/2016,1,24,16,6-Feb,2,e,RP,YB,n,0:00:00,0:45:00,2700,TL,
6/29/2016,1,24,16,6-Feb,2,e,RP,YP,y,0:22:33,0:25:09,156,TL,check snails
6/29/2016,1,24,16,6-Feb,2,e,YP,RB,n,0:09:44,0:15:02,318,TL,
6/29/2016,1,25,2,6-Mar,3,l,R,Y,n,0:28:43,0:30:00,77,PM,
6/28/2016,1,28,8,6-Mar,3,e,B,P,n,0:01:00,0:02:19,79,TL,
6/30/2016,1,29,10,6-Mar,3,l,B,RP,y,0:20:58,0:22:20,82,SH,
6/30/2016,1,29,10,6-Mar,3,l,B,RP,n,0:23:58,0:24:20,22,SH,
6/30/2016,1,29,10,6-Mar,3,l,B,RP,n,0:24:50,0:25:35,45,SH,
6/30/2016,1,29,10,6-Mar,3,e,G,RG,y,0:38:55,0:45:00,365,SH,
6/30/2016,1,29,10,6-Mar,3,l,R,RY,n,0:16:31,0:22:38,367,SH,
6/30/2016,1,30,11,6-Apr,4,e,G,RB,n,0:10:27,0:13:48,201,TL,
6/30/2016,1,30,11,6-Apr,4,e,G,RY,n,0:12:53,0:13:48,55,TL,
6/30/2016,1,30,11,6-Apr,4,e,P,G,n,0:06:50,0:07:09,19,TL,
6/30/2016,1,30,11,6-Apr,4,e,P,RY,n,0:07:36,0:09:47,131,TL,
6/30/2016,1,30,11,6-Apr,4,e,P,YG,y,0:23:21,0:29:36,375,TL,
6/30/2016,1,30,11,6-Apr,4,l,P,RY,y,0:06:12,0:06:54,42,TL,
6/30/2016,1,30,11,6-Apr,4,e,RB,G,n,0:12:53,0:13:48,55,TL,
6/30/2016,1,30,11,6-Apr,4,e,RB,RY,n,0:12:53,0:13:48,55,TL,
6/30/2016,1,30,11,6-Apr,4,e,RB,RY,n,0:25:18,0:26:32,74,TL,
6/30/2016,1,30,11,6-Apr,4,e,RY,P,n,0:01:53,0:02:23,30,TL,
6/30/2016,1,30,11,6-Apr,4,e,RY,G,n,0:04:44,0:05:45,61,TL,
6/30/2016,1,30,11,6-Apr,4,e,RY,G,n,0:06:13,0:06:22,9,TL,
6/30/2016,1,30,11,6-Apr,4,e,RY,RB,y,0:10:49,0:11:02,13,TL,
6/30/2016,1,30,11,6-Apr,4,e,RY,RB,y,0:11:25,0:11:53,28,TL,
6/30/2016,1,30,11,6-Apr,4,e,RY,RB,y,0:12:09,0:12:24,15,TL,
6/30/2016,1,30,11,6-Apr,4,e,RY,RB,n,0:17:16,0:17:28,12,TL,
6/30/2016,1,30,11,6-Apr,4,e,RY,RB,n,0:17:50,0:18:04,14,TL,
6/30/2016,1,30,11,6-Apr,4,e,RY,RB,y,0:19:08,0:20:55,107,TL,
6/30/2016,1,30,11,6-Apr,4,e,RY,RB,y,0:43:52,0:45:00,68,TL,
6/30/2016,1,30,11,6-Apr,4,e,YG,P,y,0:30:40,0:41:03,623,TL,
6/30/2016,1,31,14,6-Mar,3,l,G,RY,n,0:08:36,0:08:48,12,PM,
6/30/2016,1,31,14,6-Mar,3,l,G,YG,y,0:18:01,0:18:03,2,PM,
6/30/2016,1,31,14,6-Mar,3,l,G,YG,y,0:18:18,0:22:53,275,PM,
6/30/2016,1,31,14,6-Mar,3,l,P,Y,y,0:00:00,0:00:30,30,PM,
6/30/2016,1,31,13,6-Mar,3,e,R,YP,n,0:18:37,0:19:04,27,PM,
6/30/2016,1,31,14,6-Mar,3,l,R,GP,y,0:07:07,0:10:15,188,PM,
6/30/2016,1,31,14,6-Mar,3,l,R,GP,y,0:12:07,0:12:57,50,PM,
6/30/2016,1,31,14,6-Mar,3,l,RY,GB,n,0:08:56,0:09:40,44,PM,
6/29/2016,1,32,16,6-Mar,3,e,B,YP,y,0:33:40,0:34:28,48,PM,
6/29/2016,1,32,16,6-Mar,3,e,C,YG,y,0:39:48,0:43:36,228,PM,
6/29/2016,1,32,16,6-Mar,3,e,C,YG,n,0:44:14,0:44:25,11,PM,
6/29/2016,1,32,16,6-Mar,3,e,G,PB,n,0:34:01,0:35:06,65,PM,
6/29/2016,1,32,16,6-Mar,3,e,G,PB,n,0:35:25,0:35:54,29,PM,
6/29/2016,1,32,16,6-Mar,3,l,G,RP,y,0:10:47,0:12:40,113,PM,
6/29/2016,1,32,16,6-Mar,3,l,G,YB,y,0:12:31,0:14:04,93,PM,
6/29/2016,1,32,16,6-Mar,3,l,GB,YG,n,0:17:10,0:18:31,81,PM,
6/29/2016,1,32,16,6-Mar,3,l,RG,G,n,0:25:06,0:25:08,2,PM,
6/29/2016,1,32,16,6-Mar,3,l,RY,Y,n,0:13:49,0:14:20,31,PM,
6/29/2016,1,32,16,6-Mar,3,l,RY,Y,n,0:14:42,0:14:50,8,PM,
6/29/2016,1,32,16,6-Mar,3,l,RY,GB,n,0:19:51,0:20:26,35,PM,
6/29/2016,1,32,16,6-Mar,3,l,Y,GB,n,0:09:37,0:09:45,8,PM,
6/29/2016,1,32,16,6-Mar,3,l,Y,GB,n,0:09:52,0:10:01,9,PM,
6/29/2016,1,32,16,6-Mar,3,l,Y,GB,n,0:10:06,0:10:24,18,PM,
6/29/2016,1,32,16,6-Mar,3,l,Y,GB,n,0:11:00,0:13:34,154,PM,
6/29/2016,1,32,16,6-Mar,3,l,YB,RG,n,0:00:00,0:00:38,38,PM,
6/29/2016,1,32,16,6-Mar,3,l,YB,RG,y,0:01:06,0:05:41,275,PM,
6/29/2016,1,32,16,6-Mar,3,l,YB,RP,n,0:15:26,0:16:21,55,PM,
6/29/2016,1,32,16,6-Mar,3,l,YB,RP,n,0:18:03,0:19:43,100,PM,
6/28/2016,1,36,8,6-Apr,4,e,RP,RY,n,0:41:42,0:44:29,167,TL,
6/28/2016,1,37,10,6-Apr,4,e,B,RG,n,0:20:00,0:20:02,2,TL,antennae
6/28/2016,1,37,10,6-Apr,4,e,B,RG,n,0:27:00,0:28:20,80,TL,antennae
6/28/2016,1,37,10,6-Apr,4,e,B,RG,n,0:41:16,0:46:39,323,TL,
6/28/2016,1,37,10,6-Apr,4,e,R,YG,y,0:34:57,0:43:17,500,TL,
6/28/2016,1,37,10,6-Apr,4,e,R,YG,n,0:43:49,0:45:00,71,TL,
6/28/2016,1,37,10,6-Apr,4,e,RG,B,y,0:08:18,0:10:00,102,TL,
6/30/2016,1,38,12,6-Apr,4,l,B,RG,n,0:01:16,0:03:56,160,SH,
6/30/2016,1,38,12,6-Apr,4,l,B,RG,n,0:04:50,0:05:30,40,SH,
6/30/2016,1,38,12,6-Apr,4,l,G,RY,n,0:10:40,0:10:59,19,SH,
6/30/2016,1,38,12,6-Apr,4,e,YB,RY,n,0:01:28,0:02:00,32,SH,
6/30/2016,1,38,12,6-Apr,4,e,YB,RY,y,0:07:12,0:24:30,1038,SH,
6/30/2016,1,38,12,6-Apr,4,e,YB,RB,n,0:39:03,0:40:30,87,SH,
6/30/2016,1,39,14,6-Apr,4,e,B,YP,n,0:30:46,0:45:00,854,SH,
6/30/2016,1,39,14,6-Apr,4,l,B,GP,n,0:19:06,0:19:48,42,SH,
6/30/2016,1,39,14,6-Apr,4,l,GB,YG,n,0:08:27,0:10:17,110,SH,
6/30/2016,1,39,14,6-Apr,4,l,GB,YG,y,0:22:50,0:27:40,290,SH,
6/30/2016,1,39,14,6-Apr,4,l,GP,RG,n,0:02:40,0:13:20,640,SH,
6/30/2016,1,39,14,6-Apr,4,l,P,GB,y,0:22:50,0:23:36,46,SH,
6/30/2016,1,39,14,6-Apr,4,l,P,YG,y,0:22:50,0:23:36,46,SH,
6/30/2016,1,39,14,6-Apr,4,e,RP,RB,y,0:00:00,0:01:10,70,SH,
6/30/2016,1,39,14,6-Apr,4,e,Y,GB,y,0:18:30,0:24:42,372,SH,
6/30/2016,1,39,14,6-Apr,4,l,Y,P,n,0:07:30,0:08:40,70,SH,
6/30/2016,1,39,14,6-Apr,4,l,YG,GB,y,0:04:30,0:04:48,18,SH,
6/30/2016,1,39,14,6-Apr,4,l,YP,GP,n,0:00:00,0:00:45,45,SH,
6/30/2016,1,40,16,6-Apr,4,l,B,RB,y,0:16:16,0:18:47,151,TL,
6/30/2016,1,40,16,6-Apr,4,l,B,RB,n,0:19:48,0:20:11,23,TL,
6/30/2016,1,40,16,6-Apr,4,l,B,YG,n,0:27:02,0:28:34,92,TL,
6/30/2016,1,40,16,6-Apr,4,l,G,P,y,0:12:33,0:14:58,145,TL,check time
6/30/2016,1,40,16,6-Apr,4,l,GB,Y,n,0:22:59,0:23:50,51,TL,
6/30/2016,1,40,16,6-Apr,4,e,RG,YP,n,0:04:00,0:04:27,27,TL,
6/30/2016,1,40,16,6-Apr,4,l,RY,RG,y,0:16:48,0:23:43,415,TL,
6/30/2016,1,40,16,6-Apr,4,l,YB,G,y,0:11:45,0:14:27,162,TL,check time
6/30/2016,1,40,16,6-Apr,4,l,YB,P,y,0:12:33,0:14:27,114,TL,check time
6/30/2016,1,40,16,6-Apr,4,l,YG,C,y,0:05:49,0:06:34,45,TL,
6/30/2016,1,40,16,6-Apr,4,l,YG,C,n,0:10:56,0:12:01,65,TL,
6/30/2016,1,40,16,6-Apr,4,l,YG,B,n,0:28:50,0:30:00,70,TL,
6/29/2016,1,43,6,6-May,5,e,B,Y,n,0:20:00,0:20:10,10,SH,
6/29/2016,1,43,6,6-May,5,e,B,Y,n,0:23:39,0:23:42,3,SH,in corner
6/29/2016,1,43,6,6-May,5,e,G,R,n,0:14:20,0:45:00,1840,SH,floating
6/29/2016,1,43,6,6-May,5,l,G,R,n,0:00:00,0:01:20,80,SH,check snails
6/29/2016,1,43,6,6-May,5,l,R,P,n,0:16:16,0:22:25,369,SH,
6/29/2016,1,43,6,6-May,5,e,Y,B,n,0:33:19,0:34:10,51,SH,
6/29/2016,1,44,8,6-May,5,l,G,RG,n,0:00:10,0:03:10,180,SH,
6/29/2016,1,44,8,6-May,5,l,G,RG,n,0:04:40,0:04:50,10,SH,
6/29/2016,1,44,8,6-May,5,l,G,RG,n,0:05:13,0:05:20,7,SH,
6/29/2016,1,44,8,6-May,5,l,P,RY,y,0:09:45,0:09:50,5,SH,
6/29/2016,1,44,8,6-May,5,l,P,RY,y,0:10:52,0:11:20,28,SH,
6/29/2016,1,44,8,6-May,5,l,P,RY,y,0:11:41,0:12:47,66,SH,
6/29/2016,1,44,8,6-May,5,l,P,RY,y,0:13:05,0:17:35,270,SH,
6/29/2016,1,44,8,6-May,5,l,R,B,y,0:24:30,0:25:50,80,SH,
6/29/2016,1,44,8,6-May,5,l,Y,B,n,0:00:06,0:00:10,4,SH,
6/29/2016,1,44,8,6-May,5,l,Y,R,n,0:27:38,0:30:00,142,SH,
6/28/2016,1,45,10,6-May,5,e,RG,YG,n,0:25:38,0:25:54,16,TL,shell to shell
6/29/2016,1,47,13,6-Jan,1,e,B,YP,n,0:00:42,0:01:00,18,SH,
6/29/2016,1,47,13,6-Jan,1,e,G,RB,y,0:26:13,0:29:30,197,SH,
6/29/2016,1,47,13,6-Jan,1,e,G,RB,y,0:30:18,0:31:45,87,SH,
6/29/2016,1,47,13,6-Jan,1,e,G,GP,y,0:31:25,0:38:45,440,SH,
6/29/2016,1,47,13,6-Jan,1,e,G,RB,n,0:33:38,0:33:50,12,SH,
6/29/2016,1,47,13,6-Jan,1,e,G,Y,n,0:33:38,0:33:50,12,SH,
6/29/2016,1,47,13,6-Jan,1,e,G,RB,n,0:34:22,0:34:45,23,SH,
6/29/2016,1,47,13,6-Jan,1,e,G,Y,n,0:34:22,0:34:45,23,SH,
6/29/2016,1,47,13,6-Jan,1,e,G,GP,n,0:43:23,0:45:00,97,SH,
6/29/2016,1,47,13,6-Jan,1,e,GP,RB,n,0:33:38,0:33:50,12,SH,
6/29/2016,1,47,13,6-Jan,1,e,GP,Y,n,0:33:38,0:33:50,12,SH,
6/29/2016,1,47,13,6-Jan,1,e,GP,RB,n,0:34:22,0:34:45,23,SH,
6/29/2016,1,47,13,6-Jan,1,e,GP,Y,n,0:34:22,0:34:45,23,SH,
6/29/2016,1,47,13,6-Jan,1,e,P,G,n,0:18:04,0:18:48,44,SH,
6/29/2016,1,47,13,6-Jan,1,e,RB,GP,y,0:31:25,0:31:45,20,SH,
6/29/2016,1,47,13,6-Jan,1,e,RB,Y,y,0:33:37,0:45:00,683,SH,
6/29/2016,1,47,13,6-May,5,l,RB,G,n,0:14:03,0:15:21,78,SH,
6/29/2016,1,47,13,6-May,5,l,RB,G,n,0:16:45,0:17:10,25,SH,
6/29/2016,1,47,13,6-Jan,1,e,Y,RB,y,0:00:00,0:13:15,795,SH,
6/29/2016,1,47,13,6-Jan,1,e,Y,RB,n,0:19:30,0:21:50,140,SH,
6/29/2016,1,47,13,6-May,5,l,Y,RB,y,0:12:35,0:17:27,292,SH,
6/29/2016,1,47,13,6-May,5,l,Y,G,n,0:14:03,0:15:21,78,SH,
6/29/2016,1,47,13,6-May,5,l,Y,G,n,0:16:45,0:17:10,25,SH,
6/29/2016,1,47,13,6-Jan,1,e,YG,RP,n,0:40:00,0:40:35,35,SH,check time
6/29/2016,1,47,13,6-May,5,l,YG,YP,y,0:23:44,0:30:00,376,SH,
6/29/2016,1,47,13,6-May,5,l,YG,P,n,0:25:14,0:30:00,286,SH,
6/29/2016,1,47,13,6-May,5,l,YP,P,n,0:25:14,0:30:00,286,SH,
6/30/2016,1,48,15,6-May,5,l,B,RB,n,0:25:47,0:26:37,50,PM,
6/30/2016,1,48,15,6-May,5,e,G,PB,y,0:31:34,0:31:54,20,PM,
6/30/2016,1,48,15,6-May,5,e,G,PB,y,0:32:04,0:32:17,13,PM,
6/30/2016,1,48,15,6-May,5,e,G,PB,y,0:32:28,0:32:37,9,PM,
6/30/2016,1,48,15,6-May,5,e,G,PB,y,0:32:55,0:33:03,8,PM,
6/30/2016,1,48,15,6-May,5,e,G,PB,y,0:33:26,0:33:31,5,PM,
6/30/2016,1,48,15,6-May,5,l,G,PB,n,0:12:34,0:12:59,25,PM,
6/30/2016,1,48,15,6-May,5,e,GB,YB,n,0:08:32,0:09:10,38,PM,
6/30/2016,1,48,15,6-May,5,e,GB,YB,n,0:09:34,0:09:43,9,PM,
6/30/2016,1,48,15,6-May,5,e,GB,YB,n,0:09:59,0:10:06,7,PM,
6/30/2016,1,48,15,6-May,5,e,GB,YB,n,0:10:14,0:10:31,17,PM,
6/30/2016,1,48,15,6-May,5,e,GB,YB,n,0:10:39,0:10:55,16,PM,
6/30/2016,1,48,15,6-May,5,l,PB,YP,y,0:11:14,0:11:20,6,PM,
6/30/2016,1,48,15,6-May,5,l,R,RB,n,0:02:45,0:03:33,48,PM,check time
6/30/2016,1,48,15,6-May,5,l,R,B,n,0:02:45,0:03:33,48,PM,check time
6/30/2016,1,48,15,6-May,5,l,RB,B,y,0:00:00,0:00:32,32,PM,
6/30/2016,1,48,15,6-May,5,l,RB,B,y,0:01:12,0:09:52,520,PM,
6/30/2016,1,48,15,6-May,5,l,RB,B,n,0:16:57,0:17:20,23,PM,
6/30/2016,1,48,15,6-May,5,e,RP,GP,y,0:18:12,0:20:16,124,PM,
6/30/2016,1,48,15,6-May,5,e,RP,GP,n,0:20:30,0:21:46,76,PM,
6/30/2016,1,48,15,6-May,5,e,RP,GP,n,0:28:07,0:30:24,137,PM,
6/30/2016,1,48,15,6-May,5,l,RY,G,y,0:05:49,0:06:01,12,PM,
6/30/2016,1,48,15,6-May,5,l,RY,G,n,0:09:21,0:09:40,19,PM,
6/30/2016,1,48,15,6-May,5,e,Y,G,n,0:37:40,0:38:14,34,PM,
6/30/2016,1,48,15,6-May,5,e,Y,G,y,0:44:02,0:45:00,58,PM,
6/30/2016,1,48,15,6-May,5,l,Y,RB,n,0:15:40,0:15:54,14,PM,
6/30/2016,1,48,15,6-May,5,l,Y,B,n,0:20:39,0:21:10,31,PM,
6/30/2016,1,48,15,6-May,5,l,Y,B,n,0:21:18,0:21:30,12,PM,
6/30/2016,1,48,15,6-May,5,l,Y,YG,n,0:28:27,0:28:47,20,PM,
6/30/2016,1,48,15,6-May,5,l,YP,G,n,0:12:04,0:12:24,20,PM,
6/30/2016,1,50,4,6-Jun,6,e,G,Y,y,0:02:43,0:04:25,102,SH,
6/30/2016,1,50,4,6-Jun,6,e,G,Y,n,0:04:56,0:05:10,14,SH,
6/30/2016,1,50,4,6-Jun,6,e,R,Y,y,0:43:50,0:45:00,70,SH,
6/30/2016,1,51,6,6-Jun,6,l,C,Y,n,0:00:00,0:01:03,63,TL,
6/30/2016,1,51,6,6-Jun,6,e,R,Y,y,0:41:36,0:44:23,167,TL,
6/30/2016,1,51,6,6-Jun,6,l,R,B,y,0:04:28,0:05:21,53,TL,
6/30/2016,1,51,6,6-Jun,6,l,R,B,y,0:18:56,0:19:41,45,TL,
6/30/2016,1,51,6,6-Jun,6,l,R,B,n,0:21:17,0:22:24,67,TL,
6/30/2016,1,51,6,6-Jun,6,e,Y,P,n,0:27:53,0:29:16,83,TL,
6/29/2016,1,52,8,6-Jun,6,e,B,R,y,0:43:57,0:44:19,22,SH,
6/29/2016,1,52,8,6-Jun,6,l,B,RP,y,0:15:00,0:15:50,50,SH,
6/29/2016,1,52,8,6-Jun,6,e,Y,RY,n,0:27:43,0:27:47,4,SH,
6/29/2016,1,53,10,6-Jun,6,l,B,Y,n,0:18:01,0:18:15,14,PM,
6/29/2016,1,53,10,6-Jun,6,l,B,Y,n,0:18:43,0:19:20,37,PM,
6/29/2016,1,53,10,6-Jun,6,l,B,Y,n,0:19:32,0:19:55,23,PM,
6/29/2016,1,53,10,6-Jun,6,l,P,R,n,0:14:35,0:14:43,8,PM,
6/29/2016,1,53,10,6-Jun,6,l,P,RB,n,0:20:08,0:23:30,202,PM,
6/29/2016,1,53,10,6-Jun,6,l,R,YG,y,0:23:21,0:23:39,18,PM,
6/29/2016,1,53,10,6-Jun,6,l,R,YG,n,0:23:59,0:27:25,206,PM,
6/29/2016,1,53,10,6-Jun,6,l,R,RG,n,0:26:01,0:26:28,27,PM,
6/29/2016,1,53,10,6-Jun,6,l,R,RG,y,0:27:07,0:27:19,12,PM,
6/29/2016,1,53,10,6-Jun,6,l,R,RG,y,0:27:25,0:27:38,13,PM,
6/29/2016,1,53,10,6-Jun,6,l,R,RG,y,0:27:50,0:29:13,83,PM,
6/29/2016,1,53,10,6-Jun,6,l,RG,YG,n,0:26:01,0:26:28,27,PM,
6/29/2016,1,53,10,6-Jun,6,l,RG,YG,n,0:27:07,0:27:19,12,PM,
6/29/2016,1,53,10,6-Jun,6,e,RY,RB,y,0:24:56,0:25:05,9,PM,
6/29/2016,1,53,10,6-Jun,6,e,RY,RB,y,0:25:52,0:27:44,112,PM,
6/29/2016,1,53,10,6-Jun,6,e,RY,RB,y,0:27:54,0:29:53,119,PM,
6/29/2016,1,53,10,6-Jun,6,e,RY,RB,n,0:30:22,0:34:23,241,PM,
6/29/2016,1,53,10,6-Jun,6,e,RY,RB,n,0:34:37,0:34:41,4,PM,
6/29/2016,1,53,10,6-Jun,6,e,RY,RB,n,0:36:44,0:37:15,31,PM,
6/29/2016,1,53,10,6-Jun,6,e,RY,RB,y,0:43:10,0:43:26,16,PM,
6/29/2016,1,53,10,6-Jun,6,e,RY,RB,y,0:43:39,0:44:50,71,PM,
6/28/2016,1,54,12,6-Jun,6,e,B,RY,y,0:02:49,0:04:43,114,TL,
6/28/2016,1,54,12,6-Jun,6,e,B,RY,n,0:05:15,0:05:43,28,TL,shell to shell
6/28/2016,1,54,12,6-Jun,6,e,B,RY,y,0:07:47,0:08:33,46,TL,
6/28/2016,1,54,12,6-Jun,6,e,B,G,n,0:13:29,0:14:45,76,TL,
6/28/2016,1,54,12,6-Jun,6,e,B,G,n,0:17:48,0:18:20,32,TL,
6/28/2016,1,54,12,6-Jun,6,e,B,YG,n,0:18:32,0:19:07,35,TL,
6/28/2016,1,54,12,6-Jun,6,e,G,RY,n,0:00:00,0:00:47,47,TL,shell to shell
6/28/2016,1,54,12,6-Jun,6,e,G,RB,n,0:00:00,0:00:47,47,TL,shell to shell
6/28/2016,1,54,12,6-Jun,6,e,G,R,y,0:20:03,0:21:27,84,TL,
6/28/2016,1,54,12,6-Jun,6,e,G,R,n,0:23:14,0:24:47,93,TL,shell to shell
6/28/2016,1,54,12,6-Jun,6,e,P,YB,n,0:10:47,0:12:11,84,TL,shell to shell
6/28/2016,1,54,12,6-Jun,6,e,P,YB,y,0:26:24,0:26:44,20,TL,
6/28/2016,1,54,12,6-Jun,6,e,P,YB,y,0:27:02,0:27:28,26,TL,
6/28/2016,1,54,12,6-Jun,6,e,P,YB,y,0:28:12,0:28:50,38,TL,
6/28/2016,1,54,12,6-Jun,6,e,P,YB,n,0:37:35,0:38:01,26,TL,shell to shell
6/28/2016,1,54,12,6-Jun,6,e,R,RY,n,0:11:53,0:12:21,28,TL,
6/28/2016,1,54,12,6-Jun,6,e,R,G,y,0:16:09,0:18:09,120,TL,
6/28/2016,1,54,12,6-Jun,6,e,RP,RG,n,0:41:16,0:42:05,49,TL,
6/28/2016,1,54,12,6-Jun,6,e,RY,RB,n,0:00:00,0:00:47,47,TL,shell to shell
6/28/2016,1,54,12,6-Jun,6,e,RY,G,n,0:05:59,0:08:15,136,TL,
6/28/2016,1,54,12,6-Jun,6,e,RY,G,y,0:08:47,0:09:01,14,TL,
6/28/2016,1,54,12,6-Jun,6,e,RY,Y,y,0:35:12,0:35:33,21,TL,
6/28/2016,1,54,12,6-Jun,6,e,RY,Y,n,0:35:47,0:36:01,14,TL,
6/28/2016,1,54,12,6-Jun,6,e,Y,YG,n,0:01:40,0:02:21,41,TL,
6/28/2016,1,54,12,6-Jun,6,e,Y,RB,n,0:30:18,0:33:04,166,TL,
6/28/2016,1,54,12,6-Jun,6,e,Y,RY,y,0:36:01,0:36:58,57,TL,
6/28/2016,1,54,12,6-Jun,6,e,Y,RY,y,0:37:11,0:37:17,6,TL,
6/28/2016,1,54,12,6-Jun,6,e,YG,RY,n,0:09:27,0:11:22,115,TL,
6/28/2016,1,55,13,6-Jun,6,e,B,RY,y,0:27:54,0:30:02,128,PM,
6/28/2016,1,55,13,6-Jun,6,e,B,RY,y,0:30:08,0:31:53,105,PM,
6/28/2016,1,55,13,6-Jun,6,e,B,RY,y,0:38:39,0:39:14,35,PM,
6/28/2016,1,55,13,6-Jun,6,e,R,YP,n,0:04:57,0:16:59,722,PM,
6/28/2016,1,55,13,6-Jun,6,e,R,YP,y,0:22:06,0:26:15,249,PM,
6/28/2016,1,55,13,6-Jun,6,e,RP,YB,n,0:00:00,0:01:50,110,PM,check time
6/28/2016,1,55,13,6-Jun,6,e,RP,GP,y,0:29:08,0:29:14,6,PM,
6/28/2016,1,55,13,6-Jun,6,e,RY,P,y,0:07:30,0:15:54,504,PM,
6/28/2016,1,55,13,6-Jun,6,e,YG,RB,y,0:24:31,0:24:55,24,PM,
6/28/2016,1,55,13,6-Jun,6,e,YG,RB,y,0:25:05,0:25:10,5,PM,
6/28/2016,1,55,13,6-Jun,6,e,YG,RB,n,0:25:35,0:27:15,100,PM,check time
6/28/2016,1,56,16,6-Jun,6,e,GP,RY,n,0:06:26,0:06:52,26,PM,
6/28/2016,1,56,16,6-Jun,6,e,P,YB,y,0:19:55,0:20:37,42,PM,
6/28/2016,1,56,16,6-Jun,6,e,R,PB,y,0:37:13,0:40:09,176,PM,
6/28/2016,1,56,16,6-Jun,6,e,R,PB,n,0:42:43,0:45:00,137,PM,
6/28/2016,1,56,16,6-Jun,6,e,RG,GB,y,0:00:49,0:01:51,62,PM,
6/28/2016,1,56,16,6-Jun,6,e,RY,GP,n,0:02:00,0:02:21,21,PM,
6/28/2016,1,56,16,6-Jun,6,e,YB,GP,n,0:03:35,0:04:56,81,PM,
6/28/2016,1,56,16,6-Jun,6,e,YB,C,y,0:24:49,0:25:38,49,PM,
6/28/2016,1,56,16,6-Jun,6,e,YP,GP,y,0:09:35,0:15:18,343,PM,
6/28/2016,1,56,16,6-Jun,6,e,YP,GP,n,0:44:05,0:44:57,52,PM,
7/20/2016,2,4,7,0/6,0,e,G,RP,n,0:06:55,0:07:12,17,PM,floating
7/20/2016,2,4,7,0/6,0,e,G,RP,n,0:07:25,0:07:40,15,PM,floating
7/20/2016,2,4,7,0/6,0,e,G,RP,n,0:07:55,0:08:53,58,PM,floating
7/20/2016,2,4,7,0/6,0,e,G,RP,n,0:09:14,0:11:26,132,PM,floating
7/20/2016,2,4,7,0/6,0,e,G,RP,n,0:12:14,0:12:16,2,PM,floating
7/20/2016,2,4,7,0/6,0,e,G,RP,n,0:12:27,0:12:45,18,PM,floating
7/20/2016,2,4,7,0/6,0,e,G,RP,n,0:13:20,0:17:41,261,PM,floating
7/20/2016,2,4,7,0/6,0,e,G,RP,n,0:17:48,0:17:53,5,PM,floating
7/20/2016,2,4,7,0/6,0,e,G,RP,n,0:18:27,0:19:35,68,PM,floating
7/20/2016,2,4,7,0/6,0,e,G,RP,n,0:19:50,0:22:57,187,PM,floating
7/20/2016,2,4,7,0/6,0,e,G,RP,n,0:23:10,0:26:56,226,PM,floating / shell to shell
7/20/2016,2,4,7,0/6,0,e,G,RP,n,0:27:09,0:27:15,6,PM,floating / shell to shell
7/20/2016,2,4,7,0/6,0,e,G,RP,n,0:30:13,0:45:00,887,PM,floating / shell to shell
7/22/2016,2,6,12,0/6,0,e,RY,R,n,0:08:50,0:08:55,5,SH,
7/21/2016,2,8,15,0/6,0,e,RB,RY,y,0:00:00,0:00:23,23,TL,
7/21/2016,2,8,15,0/6,0,e,RB,RY,y,0:00:44,0:01:14,30,TL,
7/21/2016,2,8,15,0/6,0,e,RB,RY,y,0:01:27,0:04:25,178,TL,
7/21/2016,2,8,15,0/6,0,e,RB,RY,n,0:05:18,0:08:10,172,TL,shell to shell
7/22/2016,2,12,8,6-Jan,1,e,RP,RB,n,0:02:52,0:03:46,54,TL,
7/22/2016,2,12,8,6-Jan,1,e,RP,RB,n,0:04:16,0:06:40,144,TL,shell to shell
7/20/2016,2,13,10,6-Jan,1,e,P,RP,n,0:03:42,0:26:12,1350,PM,shell to shell
7/20/2016,2,13,10,6-Jan,1,e,P,RP,n,0:26:30,0:29:01,151,PM,shell to shell
7/20/2016,2,13,10,6-Jan,1,e,PB,Y,n,0:44:11,0:45:00,49,PM,shell to shell
7/20/2016,2,13,10,6-Jan,1,e,RG,RY,n,0:25:07,0:34:27,560,PM,shell to shell
7/22/2016,2,15,13,6-Jan,1,e,B,RP,y,0:05:03,0:05:05,2,SH,
7/22/2016,2,15,13,6-Jan,1,e,B,RP,y,0:08:20,0:15:30,430,SH,
7/22/2016,2,15,13,6-Jan,1,e,B,RP,y,0:15:50,0:17:10,80,SH,
7/22/2016,2,15,13,6-Jan,1,e,RG,PB,n,0:16:20,0:16:58,38,SH,check time
7/22/2016,2,15,13,6-Jan,1,e,Y,YB,n,0:30:45,0:45:00,855,SH,
7/20/2016,2,16,16,6-Jan,1,e,B,R,n,0:00:00,0:02:57,177,PM,
7/20/2016,2,16,16,6-Jan,1,e,B,R,y,0:04:23,0:04:37,14,PM,
7/20/2016,2,16,16,6-Jan,1,e,B,R,y,0:04:55,0:05:14,19,PM,
7/20/2016,2,16,16,6-Jan,1,e,B,R,y,0:05:39,0:05:57,18,PM,
7/20/2016,2,16,16,6-Jan,1,e,B,R,y,0:06:32,0:06:51,19,PM,
7/20/2016,2,16,16,6-Jan,1,e,B,R,y,0:07:01,0:07:28,27,PM,
7/20/2016,2,16,16,6-Jan,1,e,B,R,y,0:07:44,0:11:28,224,PM,
7/20/2016,2,16,16,6-Jan,1,e,B,RP,n,0:08:20,0:08:21,1,PM,
7/20/2016,2,16,16,6-Jan,1,e,B,RP,n,0:09:34,0:10:40,66,PM,
7/20/2016,2,16,16,6-Jan,1,e,B,RP,y,0:14:03,0:14:14,11,PM,
7/20/2016,2,16,16,6-Jan,1,e,B,RP,n,0:14:32,0:14:53,21,PM,
7/20/2016,2,16,16,6-Jan,1,e,B,RP,y,0:19:09,0:20:15,66,PM,
7/20/2016,2,16,16,6-Jan,1,e,G,PB,y,0:06:02,0:06:14,12,PM,
7/20/2016,2,16,16,6-Jan,1,e,G,PB,y,0:06:20,0:06:35,15,PM,
7/20/2016,2,16,16,6-Jan,1,e,R,RP,n,0:08:20,0:08:21,1,PM,
7/20/2016,2,16,16,6-Jan,1,e,R,RP,n,0:09:34,0:10:40,66,PM,
7/21/2016,2,20,8,6-Apr,4,e,P,G,y,0:18:16,0:18:21,5,PM,
7/21/2016,2,20,8,6-Apr,4,e,P,G,y,0:18:47,0:30:42,715,PM,
7/22/2016,2,21,10,6-Feb,2,e,B,G,n,0:00:00,0:12:04,724,TL,
7/22/2016,2,21,10,6-Feb,2,e,P,RP,n,0:13:01,0:14:14,73,TL,
7/20/2016,2,22,11,6-Feb,2,e,B,Y,y,0:10:00,0:11:20,80,SH,
7/20/2016,2,22,11,6-Feb,2,e,B,Y,n,0:11:52,0:12:50,58,SH,
7/20/2016,2,22,11,6-Feb,2,e,B,PB,y,0:13:35,0:16:33,178,SH,
7/20/2016,2,22,11,6-Feb,2,e,B,RB,n,0:21:47,0:23:18,91,SH,
7/20/2016,2,22,11,6-Feb,2,e,G,B,n,0:41:34,0:43:30,116,SH,
7/20/2016,2,22,11,6-Feb,2,e,G,B,n,0:44:08,0:44:25,17,SH,
7/20/2016,2,22,11,6-Feb,2,e,R,P,y,0:31:28,0:31:30,2,SH,
7/20/2016,2,22,11,6-Feb,2,e,R,P,y,0:32:40,0:33:10,30,SH,
7/20/2016,2,22,11,6-Feb,2,e,R,P,y,0:33:50,0:45:00,670,SH,
7/21/2016,2,23,13,6-Feb,2,e,RY,GB,y,0:02:30,0:02:52,22,PM,
7/21/2016,2,23,13,6-Feb,2,e,RY,GB,y,0:03:01,0:17:50,889,PM,
7/21/2016,2,23,13,6-Feb,2,e,RY,GB,n,0:18:34,0:19:31,57,PM,shell to shell
7/21/2016,2,23,13,6-Feb,2,e,RY,GB,n,0:21:29,0:22:03,34,PM,shell to shell
7/22/2016,2,24,16,6-Feb,2,e,P,YP,y,0:39:56,0:41:02,66,PM,
7/22/2016,2,24,16,6-Feb,2,e,P,YP,y,0:41:16,0:41:25,9,PM,
7/22/2016,2,24,16,6-Feb,2,e,P,YP,n,0:41:48,0:45:00,192,PM,
7/22/2016,2,24,16,6-Feb,2,e,RY,G,y,0:01:33,0:01:49,16,PM,
7/22/2016,2,24,16,6-Feb,2,e,RY,G,n,0:02:02,0:02:26,24,PM,
7/22/2016,2,24,16,6-Feb,2,e,RY,G,n,0:02:40,0:02:55,15,PM,
7/22/2016,2,24,16,6-Feb,2,e,RY,G,n,0:03:19,0:03:38,19,PM,
7/22/2016,2,24,16,6-Feb,2,e,RY,G,n,0:03:55,0:17:19,804,PM,
7/22/2016,2,24,16,6-Feb,2,e,RY,G,n,0:18:32,0:19:53,81,PM,shell to shell
7/22/2016,2,24,16,6-Feb,2,e,RY,G,n,0:24:45,0:32:09,444,PM,
7/20/2016,2,25,2,6-Mar,3,e,R,B,y,0:01:04,0:01:20,16,SH,
7/20/2016,2,25,2,6-Mar,3,e,R,B,n,0:02:30,0:24:20,1310,SH,
7/21/2016,2,29,10,6-Mar,3,e,B,RG,n,0:38:30,0:39:57,87,SH,
7/21/2016,2,29,10,6-Mar,3,e,B,RG,n,0:42:16,0:42:30,14,SH,
7/21/2016,2,29,10,6-Mar,3,e,PB,RY,n,0:00:00,0:02:00,120,SH,
7/21/2016,2,29,10,6-Mar,3,e,PB,RY,n,0:02:41,0:09:30,409,SH,
7/21/2016,2,29,10,6-Mar,3,e,PB,RY,n,0:10:51,0:12:30,99,SH,
7/21/2016,2,29,10,6-Mar,3,e,PB,RY,n,0:37:50,0:39:00,70,SH,
7/22/2016,2,30,12,6-Mar,3,e,R,Y,n,0:02:49,0:07:33,284,PM,shell to shell
7/22/2016,2,30,12,6-Mar,3,e,R,Y,n,0:14:18,0:15:13,55,PM,shell to shell
7/22/2016,2,30,12,6-Mar,3,e,R,Y,n,0:15:54,0:16:15,21,PM,shell to shell
7/22/2016,2,30,12,6-Mar,3,e,R,Y,n,0:17:51,0:18:04,13,PM,shell to shell
7/22/2016,2,30,12,6-Mar,3,e,R,Y,n,0:19:03,0:19:32,29,PM,shell to shell
7/22/2016,2,30,12,6-Mar,3,e,R,Y,n,0:20:18,0:20:39,21,PM,shell to shell
7/22/2016,2,30,12,6-Mar,3,e,R,Y,n,0:21:38,0:22:16,38,PM,shell to shell
7/22/2016,2,30,12,6-Mar,3,e,R,Y,n,0:29:37,0:32:01,144,PM,shell to shell
7/22/2016,2,30,12,6-Mar,3,e,R,Y,n,0:32:43,0:33:12,29,PM,shell to shell
7/22/2016,2,30,12,6-Mar,3,e,R,Y,n,0:33:38,0:34:15,37,PM,shell to shell
7/22/2016,2,30,12,6-Mar,3,e,RP,YB,y,0:20:46,0:21:59,73,PM,
7/20/2016,2,31,14,6-Mar,3,e,RY,P,n,0:04:43,0:05:50,67,TL,check time
7/20/2016,2,31,14,6-Mar,3,e,RY,P,n,0:06:18,0:08:27,129,TL,
7/20/2016,2,31,14,6-Mar,3,e,Y,RY,y,0:02:15,0:02:33,18,TL,
7/20/2016,2,31,14,6-Mar,3,e,Y,RY,y,0:02:48,0:03:05,17,TL,
7/20/2016,2,31,14,6-Mar,3,e,Y,P,y,0:03:06,0:04:26,80,TL,
7/20/2016,2,31,14,6-Mar,3,e,Y,P,y,0:04:47,0:05:20,33,TL,
7/20/2016,2,31,14,6-Mar,3,e,Y,P,n,0:16:57,0:18:00,63,TL,
7/21/2016,2,32,16,6-Mar,3,e,B,C,n,0:28:47,0:34:46,359,TL,shell to shell / face to shell
7/21/2016,2,32,16,6-Mar,3,e,R,YG,n,0:01:40,0:01:48,8,TL,shell to shell
7/21/2016,2,32,16,6-Mar,3,e,R,YG,n,0:03:40,0:04:47,67,TL,shell to shell
7/22/2016,2,36,8,6-Feb,2,e,B,RP,n,0:27:36,0:27:48,12,PM,
7/22/2016,2,36,8,6-Feb,2,e,B,RP,n,0:28:26,0:32:51,265,PM,shell to shell
7/22/2016,2,39,14,6-Apr,4,e,P,RP,n,0:02:53,0:04:14,81,TL,shell to shell
7/22/2016,2,39,14,6-Apr,4,e,RP,RG,n,0:22:36,0:23:10,34,TL,
7/22/2016,2,39,14,6-Apr,4,e,Y,RY,n,0:00:21,0:08:08,467,TL,
7/20/2016,2,40,16,6-Apr,4,e,RY,PB,n,0:42:25,0:42:40,15,SH,
7/22/2016,2,42,4,6-May,5,e,B,P,n,0:33:47,0:35:13,86,TL,
7/21/2016,2,44,7,6-May,5,e,P,RP,n,0:31:00,0:31:15,15,SH,check time
7/21/2016,2,44,7,6-May,5,e,P,RP,n,0:35:26,0:38:00,154,SH,check time
7/20/2016,2,46,12,6-May,5,e,PB,P,n,0:00:00,0:05:03,303,PM,
7/20/2016,2,46,12,6-May,5,e,PB,G,n,0:06:02,0:12:30,388,PM,
7/21/2016,2,47,14,6-May,5,e,GB,YB,y,0:22:57,0:27:42,285,TL,
7/21/2016,2,47,14,6-May,5,e,PB,YP,y,0:30:57,0:31:58,61,TL,
7/21/2016,2,47,14,6-May,5,e,Y,G,n,0:07:43,0:08:03,20,TL,
7/21/2016,2,47,14,6-May,5,e,YB,GB,y,0:43:33,0:43:55,22,TL,
7/21/2016,2,47,14,6-May,5,e,YB,GB,y,0:44:48,0:45:00,12,TL,
7/21/2016,2,47,14,6-May,5,e,YP,RY,n,0:13:45,0:15:52,127,TL,shell to shell / face to shell
7/22/2016,2,48,16,6-May,5,e,C,B,y,0:09:09,0:10:43,94,TL,
7/22/2016,2,48,16,6-May,5,e,GB,G,n,0:36:16,0:45:00,524,TL,
7/22/2016,2,48,16,6-May,5,e,PB,G,n,0:05:52,0:06:01,9,TL,
7/22/2016,2,48,16,6-May,5,e,PB,G,n,0:06:18,0:06:44,26,TL,
7/22/2016,2,48,16,6-May,5,e,PB,G,n,0:06:51,0:07:55,64,TL,shell to shell
7/22/2016,2,51,6,6-Jun,6,e,G,RB,y,0:24:50,0:45:00,1210,SH,
7/20/2016,2,52,8,6-Jun,6,e,P,RP,n,0:24:11,0:24:25,14,SH,
7/20/2016,2,52,8,6-Jun,6,e,P,RP,n,0:24:50,0:25:50,60,SH,
7/20/2016,2,52,8,6-Jun,6,e,P,RP,y,0:33:29,0:34:34,65,SH,
7/20/2016,2,52,8,6-Jun,6,e,Y,RB,n,0:04:50,0:32:30,1660,SH,
7/21/2016,2,53,10,6-Jun,6,e,R,Y,y,0:36:07,0:36:10,3,PM,
7/21/2016,2,53,10,6-Jun,6,e,R,Y,y,0:37:00,0:37:27,27,PM,
7/21/2016,2,53,10,6-Jun,6,e,R,Y,y,0:39:15,0:39:55,40,PM,
7/21/2016,2,53,10,6-Jun,6,e,R,Y,y,0:40:33,0:41:04,31,PM,
7/21/2016,2,53,10,6-Jun,6,e,R,Y,y,0:41:53,0:42:34,41,PM,
7/21/2016,2,53,10,6-Jun,6,e,R,Y,y,0:43:24,0:45:00,96,PM,
7/21/2016,2,53,10,6-Jun,6,e,RY,PB,y,0:34:15,0:35:53,98,PM,
7/21/2016,2,53,10,6-Jun,6,e,RY,PB,n,0:36:15,0:36:58,43,PM,shell to shell
7/21/2016,2,53,10,6-Jun,6,e,RY,PB,n,0:37:15,0:37:36,21,PM,shell to shell
7/21/2016,2,53,10,6-Jun,6,e,RY,PB,n,0:38:19,0:38:30,11,PM,shell to shell
7/21/2016,2,53,10,6-Jun,6,e,RY,PB,n,0:39:06,0:40:17,71,PM,shell to shell
7/22/2016,2,54,12,6-Jun,6,e,R,YB,n,0:03:30,0:04:09,39,SH,
7/22/2016,2,54,12,6-Jun,6,e,R,YB,y,0:04:25,0:17:57,812,SH,
7/22/2016,2,54,12,6-Jun,6,e,R,YB,n,0:05:58,0:14:29,511,SH,check time
7/22/2016,2,54,12,6-Jun,6,e,R,RB,n,0:05:58,0:14:29,511,SH,check time
7/22/2016,2,54,12,6-Jun,6,e,RY,P,n,0:30:40,0:31:05,25,SH,
7/22/2016,2,54,12,6-Jun,6,e,RY,P,n,0:32:43,0:35:32,169,SH,
7/22/2016,2,54,12,6-Jun,6,e,YB,RB,n,0:05:58,0:14:29,511,SH,check time
7/20/2016,2,55,14,6-Jun,6,e,GB,YP,y,0:23:50,0:24:43,53,SH,
7/20/2016,2,55,14,6-Jun,6,e,GB,YP,n,0:36:51,0:37:30,39,SH,
7/20/2016,2,55,14,6-Jun,6,e,GB,YP,n,0:38:30,0:38:40,10,SH,
7/20/2016,2,55,14,6-Jun,6,e,GB,YP,n,0:39:13,0:40:54,101,SH,
7/20/2016,2,55,14,6-Jun,6,e,GB,YP,n,0:43:53,0:45:00,67,SH,
7/20/2016,2,55,14,6-Jun,6,e,R,RP,y,0:00:00,0:05:40,340,SH,
7/20/2016,2,55,14,6-Jun,6,e,RB,GB,y,0:26:29,0:27:10,41,SH,
7/20/2016,2,55,14,6-Jun,6,e,RG,RY,n,0:37:18,0:38:30,72,SH,
7/20/2016,2,55,14,6-Jun,6,e,RY,YP,n,0:03:30,0:04:00,30,SH,
7/20/2016,2,55,14,6-Jun,6,e,Y,RG,n,0:18:44,0:26:58,494,SH,
7/20/2016,2,55,14,6-Jun,6,e,YP,RY,y,0:19:56,0:20:12,16,SH,
7/21/2016,2,56,15,6-Jun,6,e,RB,PB,n,0:37:56,0:37:58,2,PM,shell to shell
